-- ============================================================
-- Sample Data (Generated by Claude)
-- ============================================================
ALTER SEQUENCE customers_customer_id_seq RESTART WITH 1;
ALTER SEQUENCE accounts_account_id_seq RESTART WITH 1;
ALTER SEQUENCE cards_card_id_seq RESTART WITH 1;
ALTER SEQUENCE transactions_transaction_id_seq RESTART WITH 1;
ALTER SEQUENCE fraud_rules_rule_id_seq RESTART WITH 1;
ALTER SEQUENCE fraud_alerts_alert_id_seq RESTART WITH 1;
ALTER SEQUENCE audit_log_audit_id_seq RESTART WITH 1;
ALTER SEQUENCE transaction_status_history_history_id_seq RESTART WITH 1;

TRUNCATE TABLE audit_log CASCADE;
TRUNCATE TABLE fraud_alerts CASCADE;
TRUNCATE TABLE transaction_status_history CASCADE;
TRUNCATE TABLE transactions CASCADE;
TRUNCATE TABLE cards CASCADE;
TRUNCATE TABLE accounts CASCADE;
TRUNCATE TABLE fraud_rules CASCADE;
TRUNCATE TABLE customers CASCADE;

-- 1. CUSTOMERS
INSERT INTO customers (first_name, last_name, email, birth_date, country_code)
VALUES
    ('Olena', 'Kovalenko', 'olena.kovalenko@gmail.com', '1990-05-15', 'UA'),
    ('Ivan', 'Moroz', 'ivan.moroz@gmail.com', '1985-03-22', 'UA'),
    ('Maria', 'Shevchenko', 'maria.shevchenko@gmail.com', '1995-11-08', 'UA'),
    ('Dmytro', 'Bondarenko', 'dmytro.bondarenko@gmail.com', '1988-07-30', 'UA'),
    ('Anna', 'Lysenko', 'anna.lysenko@gmail.com', '2000-01-12', 'UA'),
    ('Petro', 'Kravchenko', 'petro.kravchenko@gmail.com', '1992-04-18', 'UA'),
    ('Natalia', 'Savchenko', 'natalia.savchenko@gmail.com', '1987-09-25', 'UA'),
    ('Oleksiy', 'Tkachenko', 'oleksiy.tkachenko@gmail.com', '1993-12-03', 'UA'),
    ('Yulia', 'Marchenko', 'yulia.marchenko@gmail.com', '1998-06-14', 'UA'),
    ('Andriy', 'Petrenko', 'andriy.petrenko@gmail.com', '1983-08-20', 'UA'),
    ('Sofia', 'Kovalchuk', 'sofia.kovalchuk@gmail.com', '1996-02-28', 'UA'),
    ('Mykola', 'Hrytsenko', 'mykola.hrytsenko@gmail.com', '1979-10-10', 'UA'),
    ('Iryna', 'Polishchuk', 'iryna.polishchuk@gmail.com', '2001-07-07', 'UA'),
    ('Vasyl', 'Rudenko', 'vasyl.rudenko@gmail.com', '1991-03-15', 'UA'),
    ('Oksana', 'Melnik', 'oksana.melnik@gmail.com', '1986-12-20', 'UA');


-- 2. ACCOUNTS
INSERT INTO accounts (customer_id, account_number, currency, balance)
VALUES
    (1, 'UA001', 'UAH', 50000),
    (1, 'UA002', 'USD', 2000),
    (2, 'UA003', 'UAH', 15000),
    (3, 'UA004', 'EUR', 5000),
    (4, 'UA005', 'UAH', 100000),
    (5, 'UA006', 'UAH', 3000),
    (6, 'UA007', 'UAH', 75000),
    (7, 'UA008', 'USD', 10000),
    (8, 'UA009', 'UAH', 25000),
    (9, 'UA010', 'EUR', 8000),
    (10, 'UA011', 'UAH', 45000),
    (10, 'UA012', 'USD', 1500),
    (11, 'UA013', 'UAH', 60000),
    (12, 'UA014', 'UAH', 120000),
    (13, 'UA015', 'EUR', 3500),
    (14, 'UA016', 'UAH', 18000),
    (15, 'UA017', 'USD', 5000),
    (15, 'UA018', 'UAH', 9000);


-- 3. CARDS
INSERT INTO cards (account_id, card_number_hash, card_type, expiration_date)
VALUES
    (1, 'hash_001', 'DEBIT', '2027-12-31'),
    (2, 'hash_002', 'CREDIT', '2026-06-30'),
    (3, 'hash_003', 'DEBIT', '2025-01-01'),   -- already expired
    (4, 'hash_004', 'DEBIT', '2028-03-31'),
    (5, 'hash_005', 'CREDIT', '2027-09-30'),
    (6, 'hash_006', 'DEBIT', '2026-11-30'),
    (7, 'hash_007', 'DEBIT', '2027-05-31'),
    (8, 'hash_008', 'CREDIT', '2026-08-31'),
    (9, 'hash_009', 'DEBIT', '2028-01-31'),
    (10, 'hash_010', 'CREDIT', '2025-03-01'),  -- already expired
    (11, 'hash_011', 'DEBIT', '2027-07-31'),
    (12, 'hash_012', 'CREDIT', '2026-10-31'),
    (13, 'hash_013', 'DEBIT', '2028-05-31'),
    (14, 'hash_014', 'CREDIT', '2027-02-28'),
    (15, 'hash_015', 'DEBIT', '2026-04-30'),
    (16, 'hash_016', 'DEBIT', '2027-11-30'),
    (17, 'hash_017', 'CREDIT', '2028-07-31'),
    (18, 'hash_018', 'DEBIT', '2026-09-30');


-- 4. FRAUD RULES
INSERT INTO fraud_rules (rule_name, rule_type, threshold_value)
VALUES
    ('Large amount', 'AMOUNT', 30000),
    ('High risk country', 'COUNTRY', 1),
    ('Night transaction', 'TIME', 5),
    ('High frequency', 'FREQUENCY', 10),
    ('Daily limit exceeded', 'AMOUNT', 100000);


-- 5. TRANSACTIONS
-- normal everyday transactions
INSERT INTO transactions (account_id, card_id, amount, currency, merchant_category, merchant_country)
VALUES
    (1, 1, 500, 'UAH', 'groceries', 'UA'),
    (1, 1, 250, 'UAH', 'transport', 'UA'),
    (3, 3, 200, 'UAH', 'transport', 'UA'),
    (6, 6, 300, 'UAH', 'restaurants', 'UA'),
    (8, 8, 150, 'USD', 'groceries', 'UA'),
    (9, 9, 1000, 'UAH', 'electronics', 'UA'),
    (11, 11, 800, 'UAH', 'transport', 'UA'),
    (12, 12, 500, 'USD', 'restaurants', 'UA'),
    (13, 13, 1500, 'UAH', 'groceries', 'UA'),
    (16, 16, 400, 'UAH', 'transport', 'UA'),
    (17, 17, 200, 'USD', 'restaurants', 'UA'),
    (18, 18, 600, 'UAH', 'groceries', 'UA'),
    (2, 2, 800, 'USD', 'hotels', 'UA'),
    (4, 4, 350, 'EUR', 'restaurants', 'UA'),
    (5, 5, 900, 'UAH', 'electronics', 'UA');

-- suspicious transactions - amount over 30000
INSERT INTO transactions (account_id, card_id, amount, currency, merchant_category, merchant_country)
VALUES
    (1, 1, 35000, 'UAH', 'electronics', 'UA'),
    (5, 5, 45000, 'UAH', 'jewelry', 'UA'),
    (11, 11, 60000, 'UAH', 'electronics', 'UA'),
    (14, 14, 55000, 'UAH', 'other', 'UA'),
    (7, 7, 38000, 'USD', 'jewelry', 'UA');

-- suspicious transactions - high risk country
INSERT INTO transactions (account_id, card_id, amount, currency, merchant_category, merchant_country)
VALUES
    (2, 2, 1000, 'USD', 'restaurants', 'RU'),
    (4, 4, 2000, 'EUR', 'hotels', 'IR'),
    (7, 7, 500, 'UAH', 'transport', 'BY'),
    (10, 10, 3000, 'UAH', 'electronics', 'KP'),
    (15, 15, 800, 'UAH', 'other', 'SY'),
    (6, 6, 1200, 'UAH', 'restaurants', 'RU'),
    (16, 16, 950, 'UAH', 'transport', 'BY');

-- very suspicious - high amount AND high risk country
INSERT INTO transactions (account_id, card_id, amount, currency, merchant_category, merchant_country)
VALUES
    (4, 4, 50000, 'EUR', 'jewelry', 'RU'),
    (5, 5, 80000, 'UAH', 'electronics', 'KP'),
    (8, 8, 40000, 'USD', 'other', 'IR'),
    (14, 14, 70000, 'UAH', 'jewelry', 'RU'),
    (17, 17, 55000, 'USD', 'electronics', 'BY');